{"v_00001": [-0.034472, 0.072184, -0.20008, 0.331053, -0.097993, 0.194305, 0.516296, -0.073367, -0.033816, -0.080357, 0.020435, 0.13673, 0.257191, 0.166438, -0.163498, -0.063325, -0.231326, -0.448932, -0.086218, -0.069702, -0.003108, -0.126502, -0.088245, -0.058482, -0.056498, -0.06023, 0.044148, -0.01799, 0.010537, 0.082109, 0.043694, -0.246881], "v_00002": [0.004738, -0.187898, 0.012178, -0.094035, 0.051437, 0.307973, 0.012018, -0.329584, -0.096588, 0.238796, 0.055066, 0.187365, -0.102624, -0.144211, 0.061029, 0.162344, 0.102485, -0.076988, -0.001988, 0.05539, -0.436285, 0.119075, 0.075962, 0.046218, -0.039099, -0.019395, 0.038372, -0.008703, 0.429601, 0.005973, -0.398498, 0.068845], "v_00003": [-0.052456, 0.09535, 0.255065, 0.148871, 0.168069, 0.035342, -0.1324, -0.05527, -0.053904, 0.022788, 0.019501, -0.346869, -0.3686, 0.10699, 0.100111, -0.01021, 0.039902, 0.169783, -0.150778, -0.198884, -0.12184, -0.018789, -0.059577, -0.160914, -0.416522, -0.32614, 0.002727, -0.131991, -0.201887, 0.052679, 0.28765, 0.091552], "v_00004": [0.13183, 0.175169, -0.229136, 0.032901, 0.275203, -0.038248, -0.210765, -0.029032, -0.170875, -0.021101, -0.499616, 0.071967, 0.248617, -0.135508, -0.133102, -0.062457, -0.14713, 0.108725, 0.286733, -0.144518, 0.199723, -0.182256, 0.030336, -0.09182, 0.051813, 0.052641, 0.228348, -0.049164, 0.008429, 0.005492, 0.031546, -0.330936], "v_00005": [0.151209, 0.085366, 0.166998, 0.275781, 0.497706, -0.051868, -0.066189, -0.053314, -0.239116, 0.080833, 0.103002, -0.053341, -0.194363, 0.185639, 0.003302, -0.050933, -0.276093, -0.235456, 0.157135, 0.065828, 0.169716, -0.062617, 0.273259, 0.163564, 0.226723, -0.000311, 0.058116, -0.283143, -0.139479, 0.076723, 0.033581, -0.003445], "v_00007": [0.030634, 0.0116, -0.213007, 0.023335, 0.020573, -0.029629, -0.064392, 0.024979, -0.264427, -0.157793, -0.445182, 0.230176, 0.201351, -0.133601, -0.249057, -0.192267, 0.079681, 0.006896, -0.026801, -0.163528, -0.205301, -0.01686, -0.223323, 0.050164, -0.040593,