{"u_0001": [0.053024, 0.303102, -0.114637, 0.257763, 0.112016, -0.09004, 0.058603, 0.469772, 0.000712, 0.05703, -0.161447, 0.019621, 0.000136, 0.088147, 0.020723, 0.006272, 0.019713, 0.117178, 0.140927, 0.010331, 0.194432, -0.312296, 0.131337, -0.177523, -0.106711, 0.276649, -0.031273, -0.132909, 0.35583, -0.114981, 0.278429, -0.030209], "u_0002": [0.004384, -0.214112, 0.036734, -0.207865, 0.028952, -0.071749, 0.086435, 0.034623, -0.240543, -0.288288, 0.51585, -0.001235, -0.148375, 0.263729, -0.038865, -0.2165, 0.089991, 0.095239, -0.121392, -0.120514, -0.265391, -0.162433, -0.093323, 0.008079, -0.10873, 0.048233, -0.256986, -0.084027, -0.055815, 0.076352, -0.130345, 0.287564], "u_0003": [-0.06193, -0.078835, 0.471981, -0.154045, -0.087614, 0.27534, -0.085764, 0.14709, 0.021283, -0.299778, -0.043029, -0.090628, 0.167988, -0.084189, -0.241413, -0.219106, 0.065912, -0.085165, -0.280736, 0.15967, -0.01334, -0.068965, -0.011866, 0.034424, 0.060337, 0.284685, 0.166379, -0.233377, -0.048478, 0.273423, 0.109756, 0.104117], "u_0004": [-0.176882, -0.038903, -0.110242, 0.343891, -0.053751, -0.101124, -0.026016, -0.080146, -0.107924, 0.089215, -0.122995, -0.057126, -0.399591, -0.09083, 0.098006, -0.113768, 0.164022, -0.006317, -0.168477, 0.066683, -0.351659, -0.085826, -0.386296, -0.277328, -0.123202, -0.098144, -0.216697, 0.072152, 0.05714, -0.100557, -0.037875, -0.281735], "u_0005": [-0.028958, -0.181839, 0.180905, -0.192343, -0.123225, -0.057427, -0.144561, 0.28598, -0.060743, -0.30187, 0.050114, 0.28921, 0.0167, -0.18878, 0.269434, -0.056874, -0.33899, -0.103889, 0.222536, 0.03189, -0.13973, -0.171253, 0.171256, 0.310108, -0.160088, -0.158695, 0.226136, 0.061437, -0.099503, -0.020914, -0.040436, -0.119165], "u_0006": [0.128817, 0.130417, -0.500696, -0.10629, -0.159877, -0.019301, -0.067449, 0.197431, -0.04851, -0.162571, -0.087532, 0.024773, -0.101436, -0.009531, -0.140164, -0.084598, 0.055481, 0.327764, 0.069181, 0.128453, -0.072616, 0.239622, 0.101103, 0.029775, 0.105661